userID,username,accountID,transactionDate,category,amount,goal,type
177,nicolethomas,2718,8,Food,3902.96,Save for vacation,credit
113,christopher99,2533,12,Food,1811.84,Investments,credit
171,zharris,2666,7,Travel,3350.95,Buy a car,credit
129,beckeramy,2322,4,Entertainment,1054.86,Medical,debit
149,tlowe,2992,3,Transport,87.56,Investments,credit
121,walkervirginia,2155,6,Entertainment,4369.31,Investments,credit
144,michaelmorrison,2673,2,Entertainment,1282.16,Medical,credit
197,adodson,2174,6,Health,3226.2,Buy a car,debit
111,jgarcia,2441,10,Groceries,548.13,Investments,credit
159,salasmikayla,2353,5,Travel,1561.5,Home loan,debit
102,matthewrobinson,2543,10,Bills,3996.74,Buy a car,debit
191,howellmichael,2321,7,Health,426.68,Investments,credit
195,christine53,2192,8,Transport,2993.76,Investments,debit
153,tdeleon,2483,3,Groceries,4369.55,Save for vacation,debit
107,lyang,2485,3,Transport,143.76,Medical,debit
153,tina98,2348,1,Groceries,3230.01,Buy a car,credit
102,shannon50,2402,5,Bills,333.69,Investments,credit
105,xvaldez,2505,2,Bills,4382.47,Home loan,debit
147,robertcooley,2364,6,Entertainment,1005.87,Buy a car,credit
135,shelly68,2661,11,Travel,1224.94,Investments,credit
137,tsmith,2973,8,Health,1895.66,Home loan,credit
137,ajennings,2676,7,Bills,3049.47,Investments,debit
106,ggutierrez,2539,12,Food,2643.98,Investments,credit
127,thomasanthony,2235,12,Transport,140.04,Buy a car,debit
173,ngray,2837,1,Entertainment,1729.3,Investments,debit
171,csims,2228,5,Transport,301.19,Save for vacation,debit
108,kristin87,2372,7,Bills,881.59,Home loan,debit
123,matthewvaldez,2737,4,Entertainment,4384.25,Medical,debit
135,tammy18,2017,6,Entertainment,3614.07,Save for vacation,debit
154,richardsjohn,2306,8,Transport,3911.73,Home loan,debit
158,sabrina34,2892,10,Education,1939.64,Medical,debit
131,robertsonrodney,2274,4,Bills,3688,Investments,debit
152,murphyvictoria,2010,2,Entertainment,4187.9,Buy a car,credit
150,hopkinsmark,2302,2,Health,3644.57,Investments,credit
193,colleenwebster,2832,12,Groceries,98.54,Emergency fund,credit
124,dgreen,2671,7,Entertainment,4612.52,Medical,debit
193,beth88,2951,7,Bills,3167.64,Home loan,debit
124,laurenhartman,2301,9,Entertainment,779.08,Investments,debit
122,briangeorge,2265,7,Bills,3733.82,Save for vacation,debit
129,robert51,2272,4,Travel,1391.47,Buy a car,debit
116,garciajennifer,2915,8,Transport,2695.13,Home loan,debit
102,jenniferdavis,2276,11,Travel,3946.41,Investments,debit
118,samantha02,2897,4,Entertainment,4361.94,Emergency fund,debit
183,waltondavid,2011,6,Bills,2923.96,Emergency fund,debit
197,ambermann,2055,5,Transport,3075.73,Home loan,debit
189,patricia93,2137,12,Travel,1803.91,Buy a car,credit
168,devinmassey,2578,2,Health,4391.18,Home loan,credit
113,ricebrandy,2698,11,Travel,856.05,Buy a car,credit
184,tinacharles,2964,4,Food,1092.96,Save for vacation,credit
107,pughandrew,2391,6,Entertainment,2215.54,Medical,credit
186,annafrey,2434,8,Travel,322.45,Save for vacation,credit
192,leahrivera,2652,12,Groceries,4120.07,Medical,credit
112,jonathan64,2446,7,Bills,3675.03,Emergency fund,credit
110,bstewart,2941,6,Groceries,2146.1,Medical,credit
132,ybryant,2619,7,Education,3020.18,Save for vacation,debit
106,xsmith,2720,7,Education,1814.93,Buy a car,debit
181,poolecarmen,2160,11,Food,2928.74,Buy a car,debit
108,amandamarshall,2004,1,Groceries,1351.33,Buy a car,credit
119,qwalters,2703,12,Food,354.7,Emergency fund,credit
160,prestonamanda,2898,10,Food,2020.26,Emergency fund,credit
183,hansenjohn,2457,7,Travel,1179.48,Buy a car,debit
157,jennifercampbell,2241,9,Transport,3302.32,Save for vacation,credit
129,leonardwilliam,2888,5,Entertainment,701.54,Save for vacation,credit
109,sethmckinney,2712,2,Education,826.3,Emergency fund,credit
107,brian26,2653,6,Groceries,3077.21,Home loan,debit
184,ruben73,2432,1,Travel,4514.32,Investments,debit
168,ramirezjacob,2769,6,Entertainment,3798.91,Buy a car,debit
154,michaelwilson,2243,5,Groceries,2995.13,Medical,debit
163,nsmith,2454,2,Health,847.6,Buy a car,debit
132,davismark,2569,5,Entertainment,1245.27,Save for vacation,credit
146,angela18,2373,3,Health,2882.18,Investments,debit
196,hunterjustin,2507,6,Transport,2983.36,Emergency fund,debit
137,thomasmegan,2024,5,Food,3792.65,Save for vacation,debit
152,jamielane,2633,12,Food,211.29,Buy a car,debit
185,yvonnevance,2677,12,Food,1354.23,Emergency fund,debit
161,morganwheeler,2934,4,Education,661.3,Medical,credit
130,julie67,2371,11,Groceries,1843.75,Buy a car,debit
127,nhoward,2256,3,Health,2545.18,Home loan,debit
134,oscarlopez,2729,7,Transport,72.53,Medical,credit
132,davidhodges,2969,9,Bills,989.41,Medical,credit
193,brandtkayla,2506,2,Entertainment,4789.81,Investments,debit
170,duranluis,2559,7,Health,4135.71,Save for vacation,credit
172,joshua32,2151,5,Travel,4583.45,Home loan,credit
159,michaelgonzales,2221,1,Health,4223.23,Medical,credit
192,patrickalvarez,2468,3,Bills,1337.13,Emergency fund,credit
191,kenneth49,2491,2,Groceries,3732.34,Medical,debit
132,jwhite,2824,4,Education,453.18,Save for vacation,credit
124,melissahoffman,2624,7,Groceries,462.77,Medical,credit
171,carla53,2640,3,Bills,1555.73,Buy a car,debit
192,kerry97,2817,12,Groceries,4098.07,Medical,debit
136,jasonevans,2281,11,Transport,3599.39,Buy a car,credit
113,fmalone,2473,12,Transport,1669.72,Home loan,debit
122,ssummers,2269,4,Travel,360.85,Home loan,debit
167,pamela07,2569,10,Education,2225.13,Save for vacation,debit
185,michaelallen,2976,9,Food,4774.91,Emergency fund,credit
176,jessicacross,2128,11,Travel,2010.95,Emergency fund,credit
190,phelpschristina,2336,8,Food,1484.27,Emergency fund,debit
119,sarah70,2550,4,Groceries,2207.08,Emergency fund,credit
160,davemartinez,2800,2,Travel,1002.77,Save for vacation,debit
133,sanchezchristopher,2534,9,Travel,3200.42,Save for vacation,credit
192,alexandrasmith,2878,7,Travel,3725.53,Buy a car,credit
139,jennifer88,2554,3,Travel,500.59,Save for vacation,credit
116,millsryan,2374,11,Health,451.51,Home loan,debit
162,sara34,2214,11,Travel,4306.2,Medical,debit
104,chrisburnett,2137,4,Bills,679.53,Save for vacation,debit
104,xglass,2334,5,Transport,1107.99,Medical,debit
115,pramirez,2374,8,Food,3926.98,Investments,debit
102,travisbell,2102,2,Education,3315.54,Medical,credit
159,jhartman,2963,10,Food,3647.44,Save for vacation,debit
160,jodi63,2447,1,Health,1270.92,Emergency fund,credit
172,grossmichael,2130,8,Entertainment,340.68,Buy a car,debit
158,sbuckley,2307,8,Food,4636.74,Home loan,debit
156,tanya54,2206,1,Health,2776.38,Save for vacation,debit
130,matthewgonzales,2763,1,Bills,2777.29,Buy a car,credit
137,kevinlee,2193,11,Travel,1237.35,Buy a car,debit
172,buckjulie,2348,2,Food,4797.36,Emergency fund,credit
151,maryortiz,2707,9,Groceries,55.78,Home loan,credit
190,rbrown,2025,4,Bills,53.78,Medical,credit
139,chungdanny,2933,8,Travel,4319.58,Buy a car,credit
160,william53,2224,7,Entertainment,1049.3,Home loan,credit
163,gjones,2344,2,Health,2554.5,Save for vacation,credit
195,keith76,2062,1,Transport,285.28,Investments,debit
118,escobarthomas,2450,5,Entertainment,4208.7,Investments,debit
110,powelllisa,2806,10,Food,2100.58,Save for vacation,credit
135,agraham,2735,4,Bills,4593.95,Emergency fund,debit
143,ppage,2105,2,Food,2265.61,Emergency fund,credit
150,austinbarnes,2513,10,Transport,4291.03,Investments,debit
153,samantha60,2025,6,Entertainment,2688.26,Investments,debit
190,mrobinson,2246,1,Travel,2516.9,Home loan,debit
159,turnercassandra,2608,8,Education,3634.72,Emergency fund,debit
158,christine92,2998,4,Entertainment,1124.11,Save for vacation,credit
162,ronnie33,2839,12,Travel,2915.76,Medical,debit
159,priscilla37,2744,1,Bills,1546.08,Medical,credit
107,michael33,2569,11,Groceries,902.44,Buy a car,debit
180,rebeccarobles,2360,4,Food,4984.48,Emergency fund,credit
182,charles32,2709,10,Bills,1984.85,Investments,debit
159,lmeyer,2218,9,Travel,409.3,Medical,debit
155,kcarlson,2485,5,Transport,4667.35,Emergency fund,debit
121,robert79,2994,3,Transport,1527.02,Medical,credit
148,kennethkey,2357,1,Transport,254.11,Save for vacation,debit
154,cameronhudson,2922,5,Education,1451.71,Medical,debit
188,briannawilson,2567,6,Transport,1416.76,Investments,credit
155,tmcguire,2217,6,Groceries,1909.86,Buy a car,debit
128,brianmoyer,2971,5,Bills,3642,Emergency fund,credit
198,cuevaskristina,2816,3,Travel,2962.22,Save for vacation,credit
163,ebenitez,2339,7,Entertainment,878.97,Home loan,debit
127,hullcarl,2846,4,Travel,347.72,Buy a car,debit
100,melissacole,2887,7,Groceries,2163.17,Investments,credit
173,kmurphy,2183,1,Health,1319.1,Investments,credit
136,traceyrangel,2228,11,Bills,4455.12,Home loan,credit
196,victoria28,2050,1,Bills,4636.41,Medical,debit
130,torreswanda,2421,4,Health,1263.19,Save for vacation,credit
135,stevenwilliams,2516,10,Education,2949.43,Investments,credit
184,vicki40,2434,12,Transport,2740.25,Save for vacation,credit
141,perezlarry,2158,12,Health,614.28,Buy a car,debit
172,edalton,2520,11,Transport,3450.01,Medical,debit
117,lewistodd,2968,10,Education,2733.87,Home loan,credit
164,simpsonbrittany,2809,11,Health,3247.17,Medical,debit
190,david52,2897,9,Transport,129.39,Medical,credit
199,sabrinamaynard,2280,1,Transport,388.26,Buy a car,debit
181,nicolewilson,2528,7,Travel,4818.89,Medical,credit
179,syoung,2916,4,Food,3065.74,Buy a car,credit
189,nrussell,2611,5,Transport,4230.77,Save for vacation,debit
178,stephen05,2703,1,Bills,414.07,Save for vacation,credit
189,rfuller,2610,11,Entertainment,2318.64,Save for vacation,debit
109,thomastaylor,2296,6,Education,2764.32,Buy a car,debit
157,smithjacob,2933,6,Travel,4499.45,Save for vacation,debit
115,powerslori,2239,1,Bills,4137.49,Buy a car,credit
180,spearsamber,2133,4,Transport,250.97,Home loan,debit
190,andrewanderson,2843,3,Transport,2486.56,Home loan,credit
126,joyce88,2967,12,Entertainment,1606.76,Emergency fund,credit
154,ricky87,2373,9,Entertainment,4740.5,Home loan,debit
156,vglover,2311,1,Transport,2568.15,Buy a car,credit
190,nicole02,2457,6,Education,4292.44,Save for vacation,credit
170,michaelchung,2446,1,Groceries,3335.67,Emergency fund,credit
198,ericyoung,2141,5,Food,1696.94,Home loan,credit
192,levi23,2104,10,Health,1085.43,Save for vacation,credit
114,nicolerodriguez,2811,5,Education,1813.62,Medical,debit
157,michellekelley,2212,5,Travel,4472.38,Buy a car,debit
126,qrhodes,2206,6,Transport,280.05,Save for vacation,debit
170,troy29,2706,5,Transport,3575.38,Save for vacation,credit
151,daniel90,2662,2,Groceries,2489.48,Save for vacation,credit
176,robert86,2419,11,Transport,953.36,Buy a car,credit
127,leblanckevin,2895,10,Health,2704.06,Emergency fund,debit
157,amanda96,2184,12,Transport,736.51,Buy a car,credit
192,mariamolina,2488,2,Education,2401.99,Home loan,debit
100,mooreconnie,2751,5,Food,4853.62,Medical,credit
181,harrisjeffrey,2822,12,Health,3812.31,Emergency fund,credit
187,piercemariah,2849,11,Entertainment,904.89,Emergency fund,debit
130,lisa79,2889,4,Bills,1690.34,Buy a car,credit
150,caitlyn47,2299,9,Education,139.01,Buy a car,debit
167,david83,2815,7,Transport,4652.67,Investments,credit
112,monicapark,2971,10,Groceries,4998.84,Emergency fund,credit
196,tellis,2365,12,Food,3192.17,Save for vacation,debit
161,nicole41,2599,11,Travel,240.23,Buy a car,debit
164,hernandezjenna,2487,12,Groceries,2456.53,Home loan,debit
195,julie19,2645,11,Health,586.85,Buy a car,debit
136,fharrison,2303,2,Education,483.82,Emergency fund,debit
169,reynoldsmisty,2984,2,Bills,1581.42,Home loan,credit
122,melissa46,2991,3,Health,1039.9,Medical,debit
113,kimberlybest,2946,12,Education,128.24,Medical,credit
117,megan23,2151,11,Groceries,430.84,Medical,debit
127,hlara,2933,5,Transport,1544.8,Investments,debit
143,pwoods,2004,3,Health,928.21,Save for vacation,credit
115,kmacdonald,2941,4,Food,3450.94,Save for vacation,debit
186,dillon41,2419,11,Bills,1769.27,Buy a car,credit
108,boydchristopher,2953,6,Education,2910.59,Investments,credit
111,russell09,2466,12,Groceries,2984.06,Buy a car,credit
124,troy54,2330,1,Bills,4334.28,Save for vacation,debit
122,valentinejill,2767,12,Education,4902.37,Medical,credit
190,lindajordan,2741,11,Travel,3253.6,Buy a car,credit
145,jeremy24,2143,2,Transport,2479.12,Home loan,debit
148,vdavis,2442,5,Travel,1303.23,Investments,debit
195,iyork,2080,3,Health,4026.33,Medical,credit
139,kendrabaird,2863,2,Travel,2906.27,Home loan,credit
182,bradleyhenry,2584,10,Food,1336.09,Home loan,debit
199,davidwilliamson,2800,1,Health,3114.83,Emergency fund,debit
150,nicole74,2888,11,Health,1565.31,Home loan,credit
118,shane42,2546,10,Entertainment,1801.93,Emergency fund,credit
165,lisa66,2237,5,Groceries,577.86,Save for vacation,debit
156,millercarol,2512,9,Transport,4167.94,Buy a car,credit
101,moorejames,2696,4,Transport,1109.06,Emergency fund,credit
160,scott00,2240,11,Food,4124.54,Medical,credit
100,jeffreywoods,2686,2,Education,4315.81,Medical,debit
147,dkirk,2269,8,Entertainment,4694.56,Emergency fund,credit
172,joseph58,2968,3,Food,2313.96,Investments,credit
126,nathannguyen,2547,4,Groceries,294.13,Buy a car,debit
162,michael10,2381,2,Bills,1660.24,Medical,credit
160,carmenperez,2013,6,Food,2375.14,Buy a car,debit
124,watsonbenjamin,2531,4,Bills,3633.47,Home loan,credit
164,johnsingh,2559,4,Groceries,529.62,Investments,credit
106,mdavies,2648,12,Transport,1661.53,Medical,debit
151,joelrocha,2812,3,Travel,845.85,Save for vacation,debit
119,kaitlyn24,2235,8,Entertainment,2163.38,Save for vacation,debit
149,wayne40,2761,4,Transport,3184.06,Buy a car,debit
153,christopherjohnson,2119,6,Groceries,185.61,Buy a car,credit
151,sandovallisa,2708,4,Transport,1493.71,Investments,credit
159,krobles,2467,6,Groceries,2525.12,Investments,credit
156,stewartjesus,2746,5,Food,3666.76,Home loan,debit
153,krista32,2118,3,Education,4497.58,Save for vacation,credit
131,lijose,2760,5,Entertainment,4060.11,Home loan,credit
166,chavezjoyce,2982,10,Bills,2332.31,Save for vacation,credit
110,hutchinsonchristopher,2179,9,Health,1077.69,Home loan,credit
184,nroberts,2288,6,Education,3528.41,Investments,debit
135,riggstroy,2653,2,Food,3914.61,Emergency fund,credit
180,christopher21,2339,3,Groceries,1011.52,Medical,credit
156,theresa21,2468,10,Health,982.71,Save for vacation,credit
114,barbaranunez,2795,6,Transport,3991.16,Home loan,debit
134,julieallen,2718,2,Bills,3742.12,Home loan,credit
134,dbarrera,2922,2,Entertainment,2583.41,Home loan,debit
142,hperez,2295,3,Food,800.56,Save for vacation,debit
114,williamsonharry,2446,3,Education,467.09,Save for vacation,debit
117,davidsonrenee,2241,11,Health,3906.16,Buy a car,debit
121,brittanylee,2473,10,Education,1441.01,Investments,credit
144,michaeldougherty,2694,1,Groceries,595.78,Home loan,credit
106,danielhunt,2616,8,Entertainment,294.73,Emergency fund,debit
152,stephencole,2176,7,Bills,797.92,Medical,credit
144,wilsonkatherine,2307,2,Food,4578.1,Emergency fund,debit
128,cindy04,2436,3,Travel,1520.88,Buy a car,credit
194,fhinton,2664,8,Education,1710.12,Medical,credit
109,hallveronica,2846,9,Bills,738.39,Emergency fund,credit
100,bhouse,2594,2,Food,2201.64,Investments,debit
187,rachaelhernandez,2366,4,Entertainment,1808.37,Buy a car,debit
129,paul57,2742,10,Groceries,628.15,Investments,debit
116,tylergarcia,2935,5,Transport,213.29,Buy a car,debit
195,nsanchez,2207,11,Groceries,4556.19,Home loan,credit
104,christian06,2951,6,Health,3842.46,Emergency fund,debit
104,kwhite,2506,11,Education,3206.13,Investments,credit
104,bradley97,2997,2,Entertainment,308.55,Save for vacation,debit
188,michellehensley,2231,8,Health,2546.49,Save for vacation,debit
123,catherineross,2885,9,Groceries,1422.63,Medical,credit
179,ddavidson,2356,8,Travel,531.6,Buy a car,credit
122,ilewis,2936,11,Food,403.26,Emergency fund,credit
194,brendajohnson,2042,4,Entertainment,3612.51,Investments,credit
117,dylan02,2501,6,Bills,4481.35,Emergency fund,debit
172,owensleslie,2363,6,Travel,4710.53,Medical,credit
157,jerome88,2597,5,Food,2032.63,Emergency fund,credit
135,whitejoseph,2539,2,Health,2494.48,Medical,debit
188,richardcampbell,2605,4,Travel,3751.1,Save for vacation,credit
197,smithjohn,2212,9,Health,1026.34,Emergency fund,credit
159,brett80,2855,8,Travel,1688.18,Save for vacation,debit
171,codyhamilton,2503,10,Bills,459.98,Emergency fund,credit
147,jonesjennifer,2614,1,Bills,2715.28,Home loan,debit
133,perezjohnny,2923,2,Entertainment,1884.56,Medical,debit
154,wrightashley,2270,9,Groceries,1473.39,Save for vacation,debit
136,clinecody,2449,10,Food,2178.82,Investments,debit
165,pwalker,2720,10,Entertainment,1603.43,Emergency fund,debit
101,dunnmichael,2112,4,Travel,1584.67,Home loan,debit
125,crystalnorris,2835,6,Transport,3968.04,Medical,debit
188,bwilson,2980,4,Food,2556.44,Buy a car,debit
134,brownandrew,2280,1,Bills,3823.78,Investments,debit
145,josephtorres,2054,4,Food,305.21,Save for vacation,credit
147,chadbrown,2488,2,Transport,4871.95,Home loan,debit
188,fordrenee,2408,5,Bills,3280.12,Medical,credit
195,albert82,2536,8,Travel,4546.02,Home loan,debit
160,thomas86,2013,10,Transport,2442.78,Investments,credit
148,currybryan,2680,1,Education,3034.3,Emergency fund,debit
178,wheelerelizabeth,2713,3,Bills,3882.08,Emergency fund,debit
185,abailey,2140,12,Health,3900.2,Home loan,credit
107,hromero,2684,5,Groceries,4337.56,Home loan,credit
181,cvasquez,2387,8,Education,2989.7,Investments,debit
198,volson,2237,1,Entertainment,2537.1,Save for vacation,credit
164,umejia,2055,7,Food,3992.16,Save for vacation,credit
105,woodhayley,2012,7,Transport,744.35,Home loan,credit
128,richardjoseph,2404,6,Travel,1139.22,Home loan,debit
185,kellywilson,2698,2,Transport,2892.14,Save for vacation,credit
120,westshawn,2652,3,Education,4246.24,Emergency fund,credit
154,bakerjulie,2281,12,Education,3018.43,Buy a car,credit
115,bethanycooper,2364,1,Bills,2733.42,Emergency fund,debit
150,gpratt,2237,10,Food,4331.54,Home loan,credit
138,johnjackson,2055,7,Health,1609.39,Investments,credit
152,alvarezpaul,2151,9,Travel,2523.57,Emergency fund,debit
137,jenniferward,2620,10,Health,1525.54,Medical,debit
119,lbenjamin,2443,1,Food,474.74,Home loan,credit
179,melissa12,2866,8,Entertainment,4762.89,Investments,credit
193,diazdonald,2863,11,Food,1113.17,Emergency fund,credit
112,joywarren,2014,5,Food,3969.09,Medical,debit
144,clong,2667,1,Food,4266.13,Investments,debit
188,audreymyers,2694,2,Groceries,1381.91,Save for vacation,debit
176,wilsondawn,2808,2,Food,3247.49,Home loan,debit
152,epitts,2182,4,Education,1159.28,Save for vacation,debit
189,gford,2486,3,Education,3955.52,Save for vacation,credit
101,hjohnson,2425,4,Travel,749.22,Home loan,debit
110,steven46,2285,9,Entertainment,1037.47,Home loan,debit
178,jensenstacy,2430,10,Bills,3306.21,Home loan,credit
140,qblankenship,2337,11,Travel,193.62,Buy a car,credit
188,nhood,2763,7,Groceries,533.93,Medical,debit
115,jeffrey23,2880,5,Bills,3638.4,Home loan,credit
103,alyssaperry,2258,4,Groceries,4706.64,Emergency fund,credit
127,fhenderson,2327,1,Travel,3062.88,Investments,credit
146,tina06,2397,3,Transport,2782.13,Home loan,debit
167,amoore,2784,4,Education,758.84,Emergency fund,debit
107,millermichelle,2444,6,Travel,3992.2,Buy a car,credit
155,sandraharrell,2152,11,Health,3333.5,Investments,credit
177,rsparks,2791,10,Entertainment,1560.1,Home loan,debit
195,trevorcervantes,2979,3,Travel,2608.93,Buy a car,credit
131,ucunningham,2228,3,Bills,4553.07,Buy a car,credit
156,millerkayla,2041,1,Food,2872.3,Buy a car,credit
127,svaldez,2038,12,Groceries,3011.26,Emergency fund,debit
193,pittspriscilla,2288,5,Food,4619.58,Buy a car,credit
115,ddaugherty,2073,11,Groceries,2016.95,Home loan,debit
197,bryanwilson,2790,5,Transport,1303.43,Save for vacation,credit
101,matthewhuang,2652,7,Travel,2294.49,Home loan,credit
115,cookkara,2504,5,Bills,1461.2,Investments,credit
139,richardrobbins,2442,10,Travel,646.56,Medical,credit
163,lewistristan,2962,9,Transport,3556.99,Buy a car,debit
193,barbarastuart,2643,9,Transport,579.28,Home loan,credit
178,patrickpark,2384,12,Groceries,1792.1,Home loan,credit
147,mwalker,2207,5,Health,3827.37,Emergency fund,debit
142,kirkjimmy,2738,7,Food,3937.06,Home loan,debit
123,markmeadows,2586,10,Food,2854.47,Home loan,debit
129,kyle21,2113,2,Education,485.38,Buy a car,credit
175,drodriguez,2124,4,Food,3499.78,Investments,debit
161,dawnbrooks,2942,4,Entertainment,3748.08,Home loan,credit
101,scott11,2454,6,Health,3893.96,Home loan,debit
129,samantha46,2415,12,Education,2264.44,Home loan,debit
131,danielconnie,2281,5,Groceries,4053.15,Emergency fund,credit
111,megangrant,2731,2,Groceries,2821.2,Emergency fund,credit
146,john93,2733,5,Groceries,962.89,Investments,credit
148,christine41,2461,5,Entertainment,3353.41,Home loan,credit
149,bettymorales,2950,1,Groceries,894.77,Buy a car,debit
194,edavidson,2294,3,Health,2080.76,Medical,credit
145,uking,2502,8,Entertainment,2899.07,Investments,credit
101,joshuamartinez,2806,4,Travel,3604.26,Emergency fund,debit
104,laura96,2333,11,Travel,3823.55,Save for vacation,credit
121,hendersoncarmen,2596,6,Groceries,3201.98,Save for vacation,debit
111,josephsnyder,2693,6,Entertainment,1438.81,Emergency fund,credit
165,jameslopez,2683,6,Entertainment,347.58,Emergency fund,credit
122,pmiller,2080,1,Bills,531.79,Medical,credit
107,jeffery77,2158,1,Travel,4172.48,Medical,credit
137,cho,2422,9,Bills,1265.81,Home loan,credit
189,joneserin,2641,10,Transport,1957.44,Medical,debit
148,diazcarolyn,2046,8,Bills,4442.66,Medical,credit
185,dgreen,2668,4,Health,409.2,Medical,credit
192,haroldvincent,2854,10,Entertainment,1374.3,Buy a car,debit
104,garzalouis,2666,6,Food,4631.18,Home loan,credit
170,michael37,2637,9,Entertainment,1565.43,Home loan,debit
114,tonyconrad,2047,3,Bills,2054.48,Save for vacation,credit
108,gilbertmichael,2920,1,Groceries,1483.55,Buy a car,credit
172,lewisrobin,2163,7,Health,2176.7,Buy a car,credit
179,silvajeanne,2478,2,Transport,1329.97,Buy a car,credit
154,johnsonnathan,2131,7,Groceries,1432.38,Buy a car,credit
112,bwhite,2503,5,Health,2058.92,Buy a car,debit
103,hintonsusan,2132,10,Health,403.74,Medical,debit
110,ipeterson,2728,9,Health,488.56,Emergency fund,credit
102,crawfordjose,2147,1,Bills,1251.1,Investments,credit
105,brandon58,2753,10,Travel,1293.25,Emergency fund,debit
135,romannancy,2570,3,Entertainment,3348.96,Buy a car,debit
120,johnny47,2327,5,Education,932.54,Buy a car,credit
153,tranelizabeth,2776,3,Bills,3965.87,Home loan,credit
148,christopher89,2621,10,Groceries,4636.12,Medical,credit
110,james70,2505,12,Transport,4806.03,Medical,debit
142,huntercharles,2961,4,Entertainment,3817.89,Save for vacation,credit
106,alicegarza,2211,1,Entertainment,1167.36,Home loan,credit
144,kristinmurray,2274,8,Health,849.06,Home loan,debit
100,roberthess,2509,10,Groceries,1628.62,Buy a car,debit
136,juliebradley,2274,9,Bills,1599.18,Home loan,credit
105,james14,2415,1,Education,1547,Save for vacation,credit
166,shepherddaniel,2355,12,Travel,4235,Buy a car,debit
114,joshua28,2796,3,Travel,3507.12,Save for vacation,debit
181,stacey00,2396,1,Health,1301.69,Medical,debit
125,griffithshelly,2205,9,Groceries,3475.57,Save for vacation,credit
181,jacob57,2704,7,Entertainment,3935.61,Home loan,credit
195,james71,2552,1,Health,4996.44,Buy a car,credit
107,cervantesnatalie,2265,5,Transport,459.05,Buy a car,credit
198,davidwoodard,2257,7,Health,161.55,Investments,credit
141,terrelldaniel,2682,5,Travel,3422.16,Home loan,credit
106,zclark,2262,3,Food,3449.77,Save for vacation,debit
153,owatkins,2373,12,Food,4133.87,Buy a car,debit
102,arnoldpamela,2595,10,Food,1792.27,Buy a car,credit
185,pauloconnell,2963,3,Food,2923.56,Medical,credit
196,timothycarroll,2367,12,Food,1089.04,Investments,debit
192,laura67,2315,5,Bills,1738.63,Emergency fund,credit
177,susannguyen,2787,5,Education,2213.29,Buy a car,credit
106,barryreed,2735,12,Food,416.63,Medical,credit
155,ochavez,2438,12,Health,1965.99,Investments,credit
142,kingthomas,2789,7,Transport,1966.91,Emergency fund,credit
134,nicoleperez,2549,3,Entertainment,1163.78,Home loan,credit
191,josephcohen,2746,2,Entertainment,1770.88,Buy a car,debit
184,sherrymelton,2178,12,Entertainment,128.55,Investments,credit
137,dustinkennedy,2171,1,Travel,1428.95,Save for vacation,credit
191,daniel44,2198,5,Health,708.9,Save for vacation,credit
106,anadavis,2681,4,Transport,835.24,Home loan,debit
129,ijones,2451,9,Transport,420.93,Save for vacation,credit
100,nancywoodard,2883,7,Bills,4881.77,Medical,credit
173,evan14,2232,2,Travel,1688.49,Home loan,credit
117,christina69,2339,11,Education,3689.71,Medical,debit
156,samantha30,2870,10,Health,4233.13,Investments,credit
154,reedaaron,2992,9,Health,2583.34,Save for vacation,debit
157,nbrown,2248,9,Food,699.62,Save for vacation,debit
195,gbarnett,2457,10,Bills,2924.68,Buy a car,debit
121,zspears,2919,12,Transport,3991.79,Medical,credit
170,pgarner,2114,10,Transport,1344.79,Save for vacation,debit
173,jamestina,2472,6,Groceries,2556.31,Investments,credit
169,olivia46,2574,11,Entertainment,311.1,Home loan,credit
126,sarah51,2488,11,Transport,2474.3,Buy a car,credit
135,jamielevine,2445,7,Travel,4300.28,Buy a car,debit
197,dennismccullough,2986,7,Bills,3051.03,Save for vacation,credit
177,cgarcia,2909,6,Food,1139.75,Medical,debit
156,ewingjose,2159,9,Education,4493.1,Save for vacation,credit
196,nicholaspowers,2304,4,Transport,4906.78,Medical,debit
141,elizabeth04,2842,11,Groceries,3628.13,Emergency fund,credit
152,hannahhamilton,2039,7,Transport,2743.43,Buy a car,debit
168,hward,2456,3,Entertainment,1103.33,Buy a car,credit
188,olsonchris,2366,3,Food,3854.7,Home loan,credit
195,makayla68,2362,3,Education,1154.1,Buy a car,debit
152,bgarcia,2048,7,Health,944.85,Medical,credit
142,jaredcochran,2437,3,Bills,948.02,Save for vacation,credit
168,georgepowell,2786,5,Entertainment,2663.11,Medical,debit
115,sdonaldson,2981,2,Groceries,2589.63,Home loan,credit
190,mwalsh,2208,6,Education,2068.06,Emergency fund,credit
130,kathrynallen,2696,8,Education,4775.82,Save for vacation,credit
151,jameslisa,2816,6,Bills,2819.28,Buy a car,debit
126,hperez,2679,8,Transport,4960.44,Medical,credit
187,mmitchell,2177,5,Travel,450.06,Home loan,credit
191,iluna,2059,1,Food,1655.15,Medical,credit
183,martinezjonathan,2850,12,Travel,4136.91,Home loan,debit
175,amandadawson,2219,12,Food,120.69,Medical,credit
113,robleslisa,2926,7,Transport,385.17,Buy a car,credit
196,gtorres,2407,7,Entertainment,506.86,Medical,credit
118,youngsean,2383,1,Education,4652.17,Buy a car,credit
173,jphillips,2178,3,Entertainment,536.94,Home loan,debit
113,sedwards,2310,4,Travel,1811.36,Medical,credit
130,colechristian,2541,6,Health,3867.64,Medical,credit
143,roblestracy,2138,8,Bills,4714.7,Buy a car,debit
165,arogers,2809,12,Groceries,3770.26,Buy a car,credit
156,ginasmith,2262,4,Travel,4895.73,Buy a car,debit
178,chambersjamie,2043,12,Groceries,3166.27,Medical,debit
195,fwilliams,2747,2,Entertainment,1502.84,Home loan,debit
101,isimpson,2013,10,Travel,2056.96,Emergency fund,debit
104,dannyburns,2268,6,Bills,4128.06,Medical,debit
110,patty57,2298,10,Travel,3220.74,Medical,credit
119,jalvarez,2664,3,Groceries,61.9,Medical,credit
187,hannahfleming,2964,1,Bills,887.64,Buy a car,credit
124,davidmurphy,2370,11,Food,3054.42,Medical,debit
148,dgonzales,2445,8,Education,3081.21,Investments,debit
198,amartinez,2464,11,Transport,1068.54,Emergency fund,debit
195,kimberly98,2988,9,Transport,2413.47,Buy a car,credit
111,nicholashodge,2125,11,Travel,387.15,Save for vacation,debit
157,charlesjustin,2433,4,Transport,3555.54,Home loan,credit
168,mirandamartinez,2792,3,Entertainment,1247.16,Save for vacation,credit
158,elizabethpatterson,2327,1,Transport,4804.61,Investments,debit
196,sara58,2021,5,Transport,1739.62,Medical,debit
176,judith16,2588,3,Health,4784.16,Home loan,credit
185,marianunez,2455,3,Food,4693.66,Emergency fund,credit
164,sanchezalexis,2521,2,Transport,1089.45,Investments,credit
195,zfrench,2996,10,Entertainment,3625.74,Buy a car,credit
198,drodriguez,2866,11,Transport,1485.45,Save for vacation,credit
180,avilajohn,2035,1,Education,3599.18,Home loan,credit
174,hebertronald,2810,8,Food,1474.23,Buy a car,credit
194,nmiranda,2019,9,Entertainment,1426.35,Medical,credit
133,elizabethhernandez,2045,11,Entertainment,4125.9,Emergency fund,credit
166,colemanmichelle,2652,3,Entertainment,4285.31,Save for vacation,debit
120,mleon,2572,11,Groceries,2224.36,Emergency fund,credit
114,jenkinsraymond,2202,6,Transport,398.9,Investments,credit
138,jhicks,2344,11,Entertainment,601.47,Save for vacation,debit
197,kgiles,2859,10,Food,4719.06,Buy a car,debit
174,ericbrown,2957,1,Entertainment,1702.23,Emergency fund,credit
183,grossmia,2082,9,Education,426.57,Home loan,debit
148,havila,2474,8,Education,3785.87,Medical,debit
109,collinsrobert,2896,8,Travel,2007.41,Save for vacation,debit
132,audreylee,2220,12,Travel,4640.78,Emergency fund,credit
123,stevenhill,2195,4,Travel,3487.56,Medical,debit
158,karenbriggs,2716,5,Groceries,1199.83,Emergency fund,credit
186,carsonbrooke,2779,3,Entertainment,3625.47,Buy a car,debit
166,connie68,2641,12,Groceries,2763.55,Investments,debit
139,kaylamckay,2717,5,Travel,602.91,Medical,credit
187,tchang,2004,5,Bills,206.9,Buy a car,debit
128,guerrerodavid,2005,12,Groceries,839.73,Emergency fund,debit
197,smithlaurie,2650,3,Groceries,4828.38,Investments,debit
142,michellenguyen,2047,9,Transport,2149.23,Medical,debit
137,shawn07,2337,8,Entertainment,1762.92,Medical,debit
176,georgejessica,2839,5,Transport,3974.18,Emergency fund,debit
120,rharding,2428,11,Bills,680.87,Home loan,debit
158,lnelson,2408,3,Entertainment,3997.35,Medical,debit
135,matthew85,2377,11,Food,1444.94,Buy a car,debit
150,operry,2597,11,Entertainment,1784.37,Emergency fund,credit
144,lisapowers,2252,3,Entertainment,1486.6,Home loan,debit
151,zsutton,2890,8,Travel,4722.58,Buy a car,credit
152,kevin24,2112,12,Food,3706.7,Save for vacation,credit
194,meagan19,2840,3,Transport,1013.69,Buy a car,debit
180,bautistajoshua,2037,5,Groceries,4932.67,Emergency fund,credit
172,nward,2844,4,Food,1817.35,Save for vacation,credit
183,caseydavid,2480,2,Health,1535.34,Investments,debit
129,isaiah65,2907,6,Education,2197.69,Buy a car,credit
106,fgrant,2851,8,Groceries,983.57,Save for vacation,credit
109,robert87,2436,4,Travel,424.57,Medical,debit
123,connernicolas,2480,2,Health,2297.74,Home loan,debit
160,beth50,2302,3,Bills,4371.37,Investments,credit
132,ojones,2160,6,Food,3481.83,Save for vacation,credit
191,chantheodore,2312,4,Transport,4699.46,Home loan,credit
142,christina50,2229,5,Health,4000.49,Emergency fund,credit
134,gonzalezerica,2814,9,Entertainment,1238.71,Home loan,debit
151,erinsmith,2143,2,Education,1323.94,Investments,debit
198,jaredblack,2207,11,Education,2132.48,Emergency fund,debit
188,kingkatherine,2395,7,Transport,863.73,Medical,debit
111,craneshelby,2979,10,Bills,821.17,Save for vacation,debit
167,hblevins,2821,6,Travel,4710.21,Home loan,debit
169,matthew01,2572,5,Food,2539.31,Investments,debit
131,fwatson,2873,8,Health,339.45,Investments,credit
184,mbarton,2782,6,Education,2490.64,Emergency fund,credit
145,omar78,2186,3,Health,2994.85,Investments,debit
121,kelly38,2907,3,Health,1985.95,Medical,debit
120,christopherbarnett,2893,6,Transport,301.87,Buy a car,credit
134,kristen54,2617,12,Bills,2281.78,Emergency fund,credit
194,pattersoncatherine,2744,4,Transport,1901.08,Medical,debit
166,ferickson,2267,7,Groceries,3917.43,Buy a car,credit
178,icoleman,2124,5,Groceries,1599.74,Emergency fund,debit
120,danielashley,2988,2,Food,2894.28,Investments,credit
129,xmccullough,2488,8,Education,4562.86,Buy a car,debit
197,joy82,2430,8,Travel,4685.29,Medical,debit
161,bcampbell,2822,5,Education,3717.76,Buy a car,debit
179,michelle12,2291,4,Groceries,978.01,Emergency fund,debit
149,tmay,2658,9,Groceries,2296.94,Home loan,credit
114,mooreapril,2078,11,Groceries,209.01,Home loan,credit
130,nhawkins,2164,12,Health,3075.5,Save for vacation,debit
143,ericsalazar,2230,5,Transport,3786.47,Investments,debit
199,urichardson,2753,9,Bills,1288.4,Investments,debit
141,gravesjames,2447,5,Education,1718.5,Investments,debit
138,tgallagher,2521,7,Education,4611.34,Medical,debit
113,deanjessica,2830,2,Groceries,315.84,Buy a car,credit
102,audrey17,2006,4,Food,2333.29,Medical,debit
140,toddestrada,2295,10,Health,639.51,Buy a car,credit
186,fcochran,2508,7,Food,3497.28,Emergency fund,debit
144,jenna48,2214,7,Groceries,2859.96,Emergency fund,credit
174,mariopayne,2639,6,Entertainment,4881.62,Medical,debit
166,dnichols,2108,9,Health,504.95,Investments,debit
183,maldonadostephanie,2702,12,Entertainment,2305.91,Save for vacation,credit
184,stewartelizabeth,2806,6,Bills,4658.22,Investments,credit
116,tiffanymcdonald,2780,1,Transport,3893.01,Save for vacation,debit
100,welchstephanie,2530,9,Transport,4408.44,Buy a car,credit
113,hickslarry,2020,8,Food,4307.65,Investments,credit
124,udecker,2236,8,Groceries,3835.17,Investments,credit
177,whiggins,2269,7,Education,554.71,Buy a car,debit
160,christina70,2059,6,Food,4497,Investments,credit
108,uluna,2963,9,Travel,2459.08,Buy a car,debit
185,davissteven,2701,5,Groceries,2751.82,Investments,credit
180,uwilson,2284,7,Bills,4806.29,Home loan,credit
137,olivereric,2837,3,Education,872.2,Medical,debit
179,andreamendez,2889,12,Health,3188.3,Home loan,credit
113,comptontamara,2087,1,Health,1076.9,Emergency fund,debit
103,johnsontammy,2540,10,Entertainment,2580,Investments,credit
137,tiffany69,2113,9,Bills,1180.58,Investments,debit
135,xalvarado,2996,10,Health,4702.44,Save for vacation,debit
132,langadrian,2146,11,Bills,3648.4,Buy a car,credit
169,jessica99,2335,10,Health,4253.23,Save for vacation,credit
101,robertblair,2406,3,Entertainment,826.45,Medical,debit
131,robert96,2555,7,Food,2141.6,Home loan,debit
145,sandratran,2903,6,Groceries,1127.32,Home loan,debit
153,danawilliams,2096,4,Travel,4477.48,Investments,credit
148,coxtracy,2028,4,Transport,1967.79,Home loan,credit
134,whitneyayala,2891,7,Groceries,916.2,Save for vacation,debit
198,laurenryan,2852,2,Health,4721.7,Save for vacation,debit
185,littlejustin,2955,1,Bills,2861.7,Emergency fund,debit
156,jeffrey87,2827,5,Groceries,2056.28,Save for vacation,debit
194,mooresara,2411,7,Bills,690.45,Investments,credit
170,fcohen,2881,3,Food,2542.96,Emergency fund,debit
118,richanna,2368,4,Transport,4079.19,Emergency fund,debit
192,osalazar,2566,3,Education,4913.56,Emergency fund,credit
156,linda09,2978,4,Travel,4886.12,Investments,debit
180,robertsoto,2996,11,Food,1262.49,Home loan,credit
102,christina47,2045,8,Transport,2898.15,Home loan,credit
191,christopheratkinson,2675,12,Groceries,1473.71,Medical,credit
159,everettmelissa,2302,8,Groceries,1137.98,Buy a car,debit
191,gmullins,2760,1,Transport,816.35,Save for vacation,debit
120,ginarose,2139,9,Transport,770.87,Emergency fund,credit
170,christophervillarreal,2950,11,Entertainment,3120.9,Investments,debit
152,cathy71,2347,6,Transport,3187.28,Buy a car,credit
119,glenncrawford,2396,1,Education,404.12,Buy a car,debit
145,georgenash,2603,8,Travel,2585.71,Investments,debit
135,barnettjessica,2968,1,Health,2891.26,Home loan,credit
154,tstanton,2142,2,Health,3227.18,Buy a car,credit
174,kerrjoshua,2050,4,Health,3360.96,Investments,credit
199,jason15,2824,3,Education,4972.69,Save for vacation,debit
198,audrey61,2260,9,Education,2119.4,Emergency fund,credit
132,osbornemelissa,2524,7,Education,3948.56,Medical,debit
175,tmurphy,2659,2,Health,3440.5,Emergency fund,debit
199,staceyvega,2838,5,Education,4512.83,Buy a car,debit
171,christensenjoseph,2716,11,Groceries,1536.07,Emergency fund,credit
197,phillipsrichard,2547,6,Food,3416.75,Medical,debit
186,kimjames,2314,5,Bills,52.62,Investments,debit
121,pharper,2790,2,Food,4511.98,Home loan,debit
199,danielscourtney,2112,8,Transport,2543.06,Investments,credit
171,jorodriguez,2600,8,Health,2331.19,Buy a car,debit
141,tyler12,2154,7,Transport,4026.5,Medical,credit
177,johnsonjennifer,2223,8,Entertainment,1968.17,Emergency fund,debit
143,yesenia51,2220,7,Education,1788.32,Save for vacation,debit
137,alexanderjoseph,2298,3,Travel,2539.44,Medical,debit
171,jrodgers,2005,9,Bills,3281.58,Buy a car,credit
175,brandon76,2587,3,Health,1711.98,Investments,debit
133,matthew93,2233,8,Education,4013.61,Medical,debit
134,jessicaking,2866,11,Entertainment,1768.37,Buy a car,debit
129,david72,2640,11,Health,1198.21,Home loan,debit
101,hodom,2348,12,Education,2098.7,Medical,debit
128,halldylan,2040,10,Transport,543.09,Medical,credit
171,jacobgrant,2882,5,Groceries,271.92,Save for vacation,debit
182,xwright,2975,12,Education,1291.7,Buy a car,credit
142,knightjonathan,2477,11,Transport,3026.31,Buy a car,debit
191,slang,2468,7,Groceries,2989.2,Medical,debit
138,xthompson,2825,7,Education,1977.42,Medical,credit
148,lisa35,2430,3,Health,2605.23,Save for vacation,debit
142,gregorypalmer,2800,5,Entertainment,1079.61,Home loan,credit
155,michaela18,2246,11,Entertainment,1779.59,Save for vacation,credit
100,crawfordsharon,2232,7,Education,3841.02,Home loan,credit
105,wmeyer,2479,8,Health,2394.24,Medical,credit
153,sarah30,2647,2,Entertainment,3945.09,Medical,credit
156,jerrythomas,2006,7,Entertainment,4663.57,Save for vacation,credit
104,josephhudson,2447,2,Bills,3905.41,Buy a car,debit
108,hollystevens,2044,1,Health,1592.21,Save for vacation,credit
117,smithbrianna,2574,4,Bills,4095.51,Medical,credit
127,charlespacheco,2575,10,Health,4712.6,Medical,debit
105,richard29,2043,3,Health,2050.44,Medical,credit
146,andersonrachel,2681,11,Bills,2391.41,Save for vacation,debit
167,henry68,2029,11,Education,272.48,Save for vacation,credit
166,ramossteven,2968,4,Bills,57.54,Save for vacation,credit
191,sherry14,2109,6,Bills,4093.25,Emergency fund,credit
105,juannichols,2178,11,Entertainment,1017.07,Home loan,debit
163,devinphillips,2539,11,Groceries,659.95,Emergency fund,debit
165,wangglenda,2506,9,Education,1355.44,Investments,credit
111,csantana,2890,12,Food,4550.5,Save for vacation,credit
130,hoopernancy,2544,11,Travel,1684.34,Investments,debit
162,kpope,2413,8,Groceries,4596.76,Home loan,debit
141,rebecca73,2130,7,Bills,2652.88,Save for vacation,credit
118,andersongrace,2843,9,Health,2984.76,Save for vacation,debit
151,maryjames,2712,2,Transport,4293.48,Emergency fund,debit
162,todd36,2466,7,Groceries,1892.42,Buy a car,debit
194,shaun40,2812,2,Health,374.03,Emergency fund,debit
196,petersstacey,2229,11,Travel,3090.69,Medical,credit
162,irwinjennifer,2814,4,Health,4091.85,Buy a car,debit
116,barberchristina,2116,11,Bills,645.28,Save for vacation,debit
115,vhernandez,2918,7,Groceries,1801.71,Save for vacation,debit
161,lholmes,2978,3,Entertainment,742.87,Home loan,credit
148,thomasbailey,2116,2,Transport,3009.74,Emergency fund,credit
111,riveraryan,2994,11,Food,1416.8,Save for vacation,credit
125,jasminecarter,2178,6,Transport,381.71,Home loan,credit
134,matthew35,2841,3,Entertainment,880.86,Emergency fund,debit
162,robinsonlinda,2864,10,Education,4187.4,Emergency fund,credit
168,alileonard,2203,10,Groceries,2939.96,Medical,debit
153,michael67,2476,9,Bills,654.12,Medical,credit
109,shannon33,2676,5,Transport,1529.07,Investments,debit
147,fevans,2334,11,Transport,1319.97,Investments,credit
157,thiggins,2431,12,Entertainment,3166,Save for vacation,debit
131,paul26,2983,10,Transport,654.88,Investments,credit
153,nhobbs,2013,3,Food,667.24,Save for vacation,credit
166,matthewrivera,2993,2,Bills,388.74,Buy a car,credit
188,coltonharmon,2979,3,Education,4570.07,Buy a car,debit
129,cgolden,2100,8,Entertainment,208.2,Buy a car,credit
101,steven82,2917,3,Entertainment,1471.75,Buy a car,credit
184,ronalddaniels,2431,7,Bills,2382.64,Save for vacation,credit
190,isanchez,2500,4,Food,1404.02,Emergency fund,credit
174,melissa65,2689,10,Health,2056.23,Home loan,credit
173,darleneforbes,2586,11,Entertainment,3435.82,Emergency fund,credit
175,gary25,2424,12,Food,4739.84,Buy a car,debit
141,paula08,2352,6,Travel,1868.91,Investments,debit
169,heatherthomas,2155,4,Transport,630.2,Buy a car,debit
194,sara13,2565,8,Travel,3322.66,Buy a car,debit
178,michelle49,2846,9,Health,4780.72,Investments,debit
119,ulee,2200,10,Education,809.99,Medical,credit
164,jonathan74,2658,11,Health,1855.93,Medical,credit
155,kingrobert,2054,3,Transport,1745.98,Medical,credit
106,zduncan,2442,1,Transport,3556.13,Save for vacation,credit
177,douglas43,2083,9,Transport,3284.09,Investments,credit
198,brittanysalazar,2558,2,Bills,4815.1,Investments,credit
144,lspence,2132,11,Education,3344.75,Buy a car,debit
185,qoconnor,2810,7,Food,3702.7,Emergency fund,debit
192,kelleysharon,2688,6,Food,3985.29,Home loan,debit
180,stevendavis,2496,2,Food,2144.77,Save for vacation,credit
195,vperez,2672,6,Education,191.49,Medical,debit
193,keith75,2138,1,Food,3514.3,Home loan,debit
188,timothymckinney,2335,10,Health,1787.11,Save for vacation,credit
121,jameshernandez,2809,9,Entertainment,2479.6,Emergency fund,credit
104,kjames,2310,11,Travel,164.32,Medical,debit
114,jjohnson,2018,2,Food,1765.38,Home loan,debit
168,jeffersonpeter,2540,5,Education,3321.51,Home loan,debit
149,rivastyler,2541,1,Entertainment,285.75,Emergency fund,debit
198,bradkeller,2349,9,Bills,3321.75,Medical,credit
156,ocook,2905,6,Groceries,2892.09,Save for vacation,debit
158,kaitlinchen,2088,6,Food,3201.89,Emergency fund,debit
153,carolyndavenport,2292,7,Entertainment,2093.01,Save for vacation,debit
105,mcarr,2064,4,Food,1723.87,Emergency fund,debit
186,joel04,2634,8,Groceries,235.32,Home loan,credit
195,heatherbrowning,2719,3,Food,1004.91,Medical,credit
138,estradamark,2634,6,Bills,804.89,Investments,debit
187,featon,2072,7,Groceries,486,Home loan,debit
138,christie80,2204,12,Bills,96.04,Emergency fund,credit
189,theresacurry,2360,8,Health,2313.56,Save for vacation,credit
161,nicholas90,2830,7,Entertainment,4614.24,Investments,debit
114,carolynsheppard,2169,6,Travel,4010.63,Investments,credit
158,michaelwinters,2661,3,Travel,222.19,Home loan,debit
131,vangpatrick,2273,6,Education,3098.29,Save for vacation,debit
148,jeffrey35,2034,8,Groceries,1078.83,Emergency fund,debit
120,zbenton,2983,12,Travel,3584.7,Save for vacation,credit
127,ashleymiles,2014,1,Food,1303.79,Medical,credit
111,psmith,2682,6,Travel,2807.78,Home loan,credit
158,smoreno,2032,10,Health,1358.19,Buy a car,credit
148,bellmichael,2775,11,Health,1900.92,Investments,credit
145,Apr-75,2489,8,Transport,778.15,Medical,credit
147,hamptoncarlos,2136,3,Education,660.44,Buy a car,debit
104,bcarter,2185,9,Transport,4624.96,Save for vacation,credit
113,john39,2914,1,Bills,1269.86,Home loan,credit
145,jacobbailey,2967,10,Health,3133.51,Save for vacation,debit
138,amyaustin,2211,9,Transport,3999.2,Home loan,credit
108,carolhuerta,2679,11,Transport,753.11,Investments,credit
145,alexandra26,2033,3,Travel,580.9,Home loan,credit
191,janicemoore,2701,9,Education,2830.75,Medical,credit
198,daniel86,2609,5,Education,1697.15,Medical,credit
159,davisbrandy,2346,12,Education,4632.34,Buy a car,credit
145,angelnewton,2205,10,Education,4920.99,Investments,credit
164,ryanharris,2824,4,Food,2768.8,Medical,credit
128,derekparker,2382,9,Transport,4837.58,Emergency fund,credit
199,zachary83,2209,10,Groceries,205.86,Medical,credit
111,rriggs,2082,7,Food,4386.52,Save for vacation,debit
179,stephanierodriguez,2105,6,Bills,1960.09,Medical,credit
104,fredward,2147,5,Food,3923.52,Medical,debit
166,frocha,2829,12,Health,2799.28,Investments,credit
132,william46,2784,7,Groceries,371.57,Medical,credit
147,shannon10,2407,3,Travel,1009.1,Buy a car,credit
177,douglasboyd,2481,12,Groceries,1784.6,Save for vacation,credit
108,christopher88,2449,8,Transport,1158.85,Buy a car,credit
104,webermichael,2371,5,Bills,4406.06,Buy a car,debit
111,nicole78,2420,9,Health,457.73,Buy a car,debit
154,michellepugh,2089,8,Groceries,552.93,Medical,credit
141,kathleen87,2701,4,Bills,2538.09,Medical,credit
158,millerroberta,2535,5,Travel,1794.07,Buy a car,credit
176,andrewwells,2914,9,Groceries,4313.08,Home loan,credit
104,woodjeremy,2960,2,Transport,1561.73,Investments,credit
184,stevengordon,2298,6,Travel,4524.47,Investments,debit
105,craig51,2694,12,Food,3492.61,Medical,debit
176,hestermichael,2557,10,Bills,2146.21,Medical,debit
198,ihopkins,2767,6,Education,2165.5,Home loan,debit
123,sophiawalker,2969,10,Health,4333.13,Buy a car,debit
175,bhughes,2273,1,Transport,471.92,Investments,credit
158,moorewilliam,2557,6,Education,4686.62,Medical,credit
107,alexander90,2814,1,Travel,3254.55,Home loan,debit
138,brandontaylor,2984,6,Bills,4004.56,Emergency fund,debit
197,charles76,2933,4,Food,4056.39,Investments,credit
144,ashleyduncan,2020,10,Entertainment,319.61,Emergency fund,debit
175,johnrivera,2737,1,Groceries,3370.49,Save for vacation,debit
158,wjohnson,2400,10,Transport,3817.81,Investments,debit
177,akey,2487,2,Bills,4752.44,Medical,debit
140,greensheri,2241,10,Groceries,2240.36,Buy a car,credit
123,wchapman,2436,12,Travel,1753.29,Medical,credit
126,xgreen,2329,4,Travel,4055.9,Home loan,debit
102,lindaflowers,2289,11,Groceries,3197.66,Home loan,debit
171,ublack,2406,4,Health,2729.24,Save for vacation,credit
116,michaellopez,2477,12,Bills,2718.36,Medical,debit
157,ipeters,2794,9,Entertainment,3661.15,Home loan,credit
120,alexwood,2043,9,Travel,2941.36,Medical,debit
181,hkirby,2205,6,Health,3087.94,Save for vacation,debit
103,hernandezsara,2859,5,Education,3890.03,Buy a car,credit
112,christian82,2739,1,Travel,3665.83,Medical,credit
155,matthewbrown,2948,7,Food,2223.57,Buy a car,credit
126,wongtimothy,2544,6,Groceries,1007.16,Medical,credit
114,cbuck,2051,2,Groceries,4979.7,Medical,credit
137,wlin,2838,7,Groceries,424.56,Emergency fund,debit
111,olivia29,2126,3,Bills,2331.76,Home loan,credit
186,jessicaharrison,2019,6,Entertainment,3768.08,Buy a car,debit
131,nicole92,2473,10,Health,3041.85,Home loan,debit
179,cardenasjonathan,2114,5,Food,2295,Emergency fund,credit
108,ehudson,2267,10,Health,2545.12,Medical,debit
189,vdavis,2591,4,Food,733.19,Investments,credit
162,wendy65,2969,10,Health,2583.48,Save for vacation,credit
170,houserobert,2564,11,Groceries,215.21,Save for vacation,credit
163,xgill,2843,12,Entertainment,4342.91,Buy a car,debit
101,tiffany41,2213,3,Travel,872.05,Investments,debit
163,russell85,2870,7,Entertainment,1481.21,Buy a car,credit
163,ryanlara,2797,7,Entertainment,86.62,Buy a car,debit
129,rodneyblack,2000,11,Travel,1706.99,Investments,debit
171,thomaserin,2110,7,Health,1733.12,Home loan,credit
109,adkinsstephen,2649,9,Bills,833.84,Medical,credit
145,caseychristian,2993,3,Education,1751.78,Save for vacation,debit
156,nrodriguez,2004,8,Transport,3946.63,Buy a car,credit
193,nancyjohnson,2767,5,Entertainment,848.42,Home loan,credit
167,tamaraaustin,2175,5,Bills,2217.92,Investments,debit
125,johnwright,2625,6,Education,2522.05,Medical,credit
142,ecobb,2951,4,Travel,3727.31,Investments,debit
118,vbowman,2047,12,Groceries,4662.89,Investments,credit
174,bowmanmichael,2973,5,Education,196.64,Medical,credit
116,poolemandy,2440,11,Food,154.58,Home loan,credit
112,jonesshannon,2031,10,Health,2118.79,Save for vacation,debit
154,calebmurphy,2747,5,Entertainment,4087.78,Medical,debit
121,jeffreywoods,2354,7,Education,3006.12,Medical,debit
115,michael64,2693,4,Bills,4875.71,Investments,debit
148,emilyhenry,2793,8,Education,155.82,Buy a car,debit
168,daniel37,2553,10,Travel,1206.23,Emergency fund,credit
198,robertsbrian,2295,1,Health,1994.27,Buy a car,debit
117,patrick83,2448,12,Transport,4662.91,Home loan,credit
118,pamelanielsen,2136,1,Food,2265.83,Medical,credit
168,hpeters,2179,9,Bills,421.65,Home loan,credit
175,daniel08,2434,10,Education,4780.53,Investments,debit
197,kellihall,2489,5,Bills,3852.48,Emergency fund,credit
162,kjones,2486,7,Travel,4300.46,Emergency fund,credit
176,uguerrero,2167,6,Transport,1444.26,Emergency fund,debit
193,carrillodaniel,2609,9,Education,4373.34,Investments,debit
183,joyce69,2281,6,Health,2870.92,Emergency fund,credit
144,lesliehernandez,2496,5,Health,4629.39,Save for vacation,credit
170,john95,2938,11,Entertainment,596.41,Medical,credit
184,youngcharles,2295,7,Education,4008.34,Emergency fund,credit
143,bpineda,2273,6,Travel,4049.24,Save for vacation,credit
160,pottsbrittany,2540,12,Transport,3743.2,Home loan,credit
120,david72,2245,12,Entertainment,1092.41,Home loan,debit
127,hilldavid,2232,3,Health,693.39,Emergency fund,debit
134,scottjoseph,2926,10,Transport,1608.85,Buy a car,debit
151,janice74,2256,4,Health,1080.82,Emergency fund,debit
141,osbornrebecca,2036,1,Entertainment,3686.25,Buy a car,debit
150,aaron30,2428,6,Food,1225.45,Save for vacation,credit
193,edwardcochran,2739,11,Health,1405.61,Home loan,debit
120,iyates,2326,2,Entertainment,1317.7,Save for vacation,debit
136,xgardner,2247,12,Education,4614.96,Buy a car,debit
111,millermark,2426,3,Food,1926.79,Investments,credit
188,hrusso,2085,5,Education,670.94,Buy a car,credit
127,josephsmith,2766,6,Bills,862.17,Home loan,debit
111,sglass,2629,3,Education,1001.97,Home loan,credit
171,david79,2767,7,Entertainment,2320.09,Buy a car,debit
173,boydtimothy,2736,11,Groceries,2409.15,Buy a car,debit
152,sdillon,2483,9,Transport,1243.04,Investments,credit
104,leachjeremy,2379,1,Education,2647.15,Home loan,credit
159,caseycooper,2013,9,Bills,2997.16,Medical,debit
141,hopkinsemily,2640,1,Travel,300.65,Save for vacation,credit
121,ryanlisa,2746,10,Entertainment,2942.06,Buy a car,debit
183,wcastaneda,2067,7,Travel,3227.83,Buy a car,debit
196,jasonwilliams,2803,8,Education,2906.69,Medical,debit
142,paulbrown,2734,7,Travel,3750.88,Medical,credit
194,qcowan,2335,10,Groceries,513.6,Buy a car,credit
125,ambercohen,2960,6,Education,1131.32,Save for vacation,debit
179,sosajeffrey,2894,12,Transport,4660.47,Save for vacation,debit
185,kfields,2775,1,Food,3097.91,Medical,debit
137,normantyler,2463,8,Entertainment,2029.87,Home loan,credit
154,stevenmcbride,2579,9,Food,4947.72,Emergency fund,debit
105,angela74,2269,6,Transport,4535.65,Save for vacation,debit
134,millerherbert,2065,11,Groceries,2373.88,Home loan,credit
179,ajones,2266,10,Groceries,3511.7,Emergency fund,credit
178,phamcharles,2983,3,Bills,4165.06,Home loan,debit
119,markcraig,2510,3,Groceries,2362.89,Emergency fund,debit
188,suzanneromero,2999,5,Entertainment,985.12,Home loan,debit
111,joshualee,2525,6,Education,926.55,Home loan,credit
119,phelpskenneth,2233,6,Travel,599.79,Home loan,debit
172,davidamy,2896,6,Health,3391.13,Investments,credit
190,mariabright,2199,9,Education,3092.41,Medical,credit
111,marilyn14,2772,7,Groceries,294.42,Buy a car,credit
199,ryanjackson,2281,7,Education,3569.83,Emergency fund,debit
171,arodriguez,2821,6,Entertainment,1027.41,Save for vacation,debit
167,jeffery57,2226,3,Transport,3548.92,Investments,credit
153,elizabethromero,2374,9,Transport,1218.03,Medical,credit
108,aheath,2879,9,Education,521.24,Buy a car,credit
167,dylan31,2559,5,Health,1382.69,Buy a car,credit
195,sharon04,2658,9,Transport,468.64,Investments,debit
136,nicole13,2758,3,Health,84.64,Buy a car,debit
176,matthewcopeland,2383,6,Education,1631.72,Investments,debit
164,philip14,2735,7,Health,3508,Investments,debit
170,stephaniecombs,2225,3,Bills,2157.56,Save for vacation,debit
182,james04,2071,8,Travel,3820.32,Investments,debit
151,emily90,2236,8,Food,4859.81,Home loan,debit
174,taylorpatrick,2354,5,Transport,1895.4,Medical,credit
104,brentroach,2612,5,Transport,1289.06,Emergency fund,credit
193,browndonald,2267,8,Bills,3927.31,Buy a car,credit
156,bharris,2762,12,Food,1872.49,Emergency fund,credit
127,dsalas,2993,7,Entertainment,3649.68,Emergency fund,credit
114,ashley48,2494,4,Groceries,3364,Investments,debit
150,julie75,2082,8,Health,796.37,Home loan,credit
176,icastro,2750,6,Travel,3168.2,Save for vacation,credit
196,fchang,2917,5,Health,2898.97,Medical,debit
171,uburns,2204,7,Education,3180.52,Buy a car,credit
199,jamesbernard,2602,2,Groceries,626.68,Buy a car,debit
192,kbush,2631,7,Bills,1137.96,Save for vacation,credit
186,robersonchad,2856,9,Health,2363.19,Medical,debit
183,jlucas,2869,10,Bills,4160.65,Medical,debit
110,jeff70,2463,8,Groceries,2725.11,Save for vacation,debit
109,gsmith,2785,1,Groceries,749.58,Emergency fund,credit
137,cjackson,2964,9,Health,3782.27,Buy a car,credit
140,jeffrey68,2299,10,Education,1136.48,Buy a car,credit
157,julie66,2917,1,Travel,2398.8,Buy a car,debit
106,sellersphillip,2867,12,Travel,1406.38,Buy a car,debit
188,spenceranderson,2674,3,Entertainment,4835.84,Buy a car,debit
117,antonioroberts,2094,1,Transport,74.65,Home loan,credit
137,jamesfrye,2376,10,Travel,94.26,Investments,credit
111,amyers,2112,1,Food,3110.49,Buy a car,credit
131,wilsonjason,2503,7,Bills,1337.96,Investments,credit
116,sara85,2075,5,Entertainment,3899,Emergency fund,debit
191,shaffernichole,2964,10,Health,4129.83,Save for vacation,debit
154,webblauren,2562,9,Bills,4317.22,Medical,credit
175,othomas,2193,9,Entertainment,2927.86,Save for vacation,credit
122,danabrady,2706,8,Groceries,4119.28,Investments,debit
177,weekswalter,2763,1,Health,4927.15,Investments,debit
139,pamelabaird,3000,11,Groceries,828.75,Save for vacation,credit
166,timothy18,2732,3,Groceries,1737.25,Home loan,debit
196,daniel56,2571,3,Travel,820.08,Emergency fund,credit
139,sheltonbrandon,2545,7,Travel,500.92,Home loan,credit
118,charles09,2194,2,Food,4170.73,Investments,credit
195,jacobsjennifer,2658,4,Bills,2765.97,Save for vacation,credit
175,joshuacrawford,2514,4,Bills,847.94,Investments,credit
181,qjones,2437,8,Transport,1122.36,Home loan,debit
100,rivaspatricia,2954,7,Food,3212.28,Investments,credit
124,nicholasmckenzie,2724,12,Travel,2843.39,Investments,credit
101,bmann,2143,11,Groceries,1059.48,Buy a car,debit
189,william11,2961,10,Travel,2452.23,Emergency fund,debit
129,jacquelinegomez,2324,6,Entertainment,685.42,Save for vacation,credit
176,hubertimothy,2321,10,Travel,3971.12,Emergency fund,debit
146,angela28,2391,12,Groceries,1787.5,Home loan,credit
197,sabrina50,2129,8,Transport,2955.9,Medical,debit
111,wwong,2737,11,Travel,4897.87,Investments,credit
196,tyrone21,2263,4,Health,1721.84,Emergency fund,debit
165,hgeorge,2454,1,Groceries,4127.24,Medical,credit
179,joann50,2856,12,Food,4907.61,Save for vacation,credit
183,srivas,2952,10,Health,3259.15,Home loan,credit
143,richard54,2074,1,Health,4895.95,Investments,credit
126,krista06,2298,11,Entertainment,2789.21,Emergency fund,credit
140,fsalas,2630,7,Groceries,1204.51,Medical,credit
140,lauren98,2538,1,Travel,4521.29,Investments,credit
154,rjordan,2314,8,Transport,2513.16,Home loan,credit
106,whiteheadmichelle,2455,10,Transport,3997.53,Home loan,debit
157,edward82,2051,9,Bills,3497.37,Save for vacation,credit
160,donaldmosley,2129,8,Transport,1112.43,Investments,credit
165,ashleysutton,2307,7,Groceries,4447.61,Home loan,debit
139,chall,2723,12,Entertainment,4996.58,Emergency fund,credit
167,conwayjessica,2857,11,Entertainment,628.64,Buy a car,debit
162,breannahuff,2513,12,Bills,4402.22,Investments,credit
152,reynoldslarry,2266,4,Health,761,Medical,debit
111,yjackson,2093,11,Bills,2408.65,Home loan,credit
141,robertmurray,2918,3,Bills,2541.18,Medical,debit
155,xcooke,2012,12,Travel,924.63,Medical,credit
176,bradleysilva,2622,8,Groceries,2434.17,Emergency fund,debit
150,caleb66,2319,10,Entertainment,200.89,Emergency fund,debit
174,fernandezbradley,2810,9,Health,975.74,Save for vacation,debit
157,elizabethcochran,2278,10,Bills,548.01,Emergency fund,credit
185,laurenparker,2192,10,Health,3450.48,Emergency fund,debit
152,michael58,2316,3,Entertainment,485.01,Buy a car,debit
189,shahchelsea,2222,3,Bills,4890.97,Emergency fund,credit
113,iali,2501,3,Education,2308.29,Home loan,debit
119,cooperjay,2363,4,Health,3841.78,Investments,credit
113,jennifer91,2652,12,Transport,3928.6,Emergency fund,debit
124,alex36,2292,12,Education,3395.5,Emergency fund,debit
138,scottwarren,2670,11,Travel,1463.34,Save for vacation,credit
194,dustin77,2623,11,Groceries,928.05,Save for vacation,debit
187,bruce11,2930,11,Food,3257.08,Home loan,debit
138,lmason,2791,11,Groceries,1542.36,Medical,credit
168,fdiaz,2466,4,Transport,4323.01,Save for vacation,credit
186,angelaoneill,2206,6,Entertainment,1443.78,Medical,credit
179,oliviajones,2246,4,Bills,1191.13,Emergency fund,debit
118,hdouglas,2835,8,Entertainment,4385.96,Buy a car,credit
162,garciatammy,2035,7,Transport,3409.59,Medical,credit
162,zhoward,2468,9,Transport,3966.41,Home loan,credit
169,lewischristina,2766,2,Education,1252.43,Buy a car,credit
187,lori42,2257,10,Travel,3819.19,Home loan,credit
178,msmith,2932,7,Bills,4490.85,Save for vacation,credit
173,david15,2517,7,Transport,476.06,Emergency fund,credit
196,richardmassey,2268,8,Transport,1440.84,Emergency fund,debit
134,pdorsey,2280,1,Health,3413.33,Medical,debit
166,schultzamanda,2005,10,Entertainment,4314.15,Investments,credit
163,cynthia43,2491,9,Transport,2832.61,Medical,debit
103,carl49,2599,8,Entertainment,1741.29,Emergency fund,credit
101,parker67,2925,11,Health,1597.76,Home loan,debit
102,udominguez,2618,2,Travel,3835.43,Buy a car,debit
157,hansenmark,2393,1,Transport,4394.9,Medical,debit
124,freemanrebecca,2433,2,Food,4924.74,Buy a car,debit
126,robert32,2020,4,Transport,2076.69,Save for vacation,debit
157,whitejames,2751,2,Bills,1208.95,Medical,credit
106,avilalindsay,2396,1,Food,4930.5,Home loan,credit
182,graykaren,2649,7,Transport,544.3,Medical,credit
152,carrkenneth,2727,1,Education,4638.54,Emergency fund,credit
